{"graph_0": {"_type": "graph-file", "path": "media/graph/graph_0_summary_0a411fa3.graph.json", "sha256": "0a411fa3d5caf3f7e98ae2e66f8b07a427adf3a464efb0071f13f707772d3491", "size": 11995}, "eval_f1": 0.5789473684210527, "eval_recall": 0.6226415094339622, "eval_loss": 0.35785021260380745, "_runtime": 67.88602304458618, "_step": 335, "eval_precision": 0.5409836065573771, "_timestamp": 1595863320.3044496, "epoch": 5.0}
