{"graph_0": {"_type": "graph-file", "path": "media/graph/graph_0_summary_85748261.graph.json", "sha256": "85748261b788977ce636b39895e68b8672c9343aef935cc5a2b85c2e7ea322a9", "size": 11995}, "eval_f1": 0.8867924528301887, "eval_recall": 0.8952380952380953, "eval_precision": 0.8785046728971962, "epoch": 3.0, "_timestamp": 1595773102.4229887, "_step": 369, "eval_loss": 0.02731616087257862, "_runtime": 76.6748538017273}
