{"graph_0": {"_type": "graph-file", "path": "media/graph/graph_0_summary_66e9b239.graph.json", "sha256": "66e9b239a2cc33376825118965063c840b6738f480a3c95a2013edaa8330d159", "size": 11995}, "eval_f1": 0.8992248062015504, "_timestamp": 1595766394.0133548, "_step": 360, "eval_precision": 0.8787878787878788, "epoch": 3.0, "eval_recall": 0.9206349206349206, "eval_loss": 0.01291761128231883, "_runtime": 76.8227334022522}
