{"graph_0": {"_type": "graph-file", "path": "media/graph/graph_0_summary_ad7a2b8f.graph.json", "sha256": "ad7a2b8f02beab58ae63e59c9b92fdb8eaa5b9b9e0b3bcd7fb4c52e1af4fd25d", "size": 103663}, "eval_f1": 0.8911392405063291, "epoch": 10.0, "eval_recall": 0.9190600522193212, "_timestamp": 1595661799.084167, "_step": 270, "_runtime": 143.6512758731842, "eval_loss": 0.033106097020208836, "eval_precision": 0.8648648648648649}
