{"eval_recall": 0.0, "_runtime": 17.391417741775513, "eval_f1": 0, "_timestamp": 1595862763.4879215, "eval_precision": 0.0, "eval_loss": 1.447224497795105, "_step": 6000, "epoch": 0}
