{"graph_0": {"_type": "graph-file", "path": "media/graph/graph_0_summary_5e6b4733.graph.json", "sha256": "5e6b4733fd31281c0b9927e413ac9bff05ca428beb94a9af36065daeebbef4df", "size": 25948}, "eval_f1": 0.6805896805896806, "eval_recall": 0.6933667083854819, "eval_loss": 0.05693358838044364, "_step": 68, "eval_precision": 0.6682750301568154, "_runtime": 37.66479444503784, "_timestamp": 1595849938.7747734, "epoch": 1.0}
