{"graph_0": {"_type": "graph-file", "path": "media/graph/graph_0_summary_4c8a91f4.graph.json", "sha256": "4c8a91f443c2538854d11156e5c066c2a2e399010e182ac7bfe83db43a45de87", "size": 103663}, "_runtime": 143.94057083129883, "_step": 270, "eval_loss": 0.0208126421396931, "eval_precision": 0.837037037037037, "eval_recall": 0.9149797570850202, "_timestamp": 1595661432.8149517, "epoch": 10.0, "eval_f1": 0.874274661508704}
