{"graph_0": {"_type": "graph-file", "path": "media/graph/graph_0_summary_d1b15e53.graph.json", "sha256": "d1b15e537f1eb35ee474e825f4756beda3ad66762bd61c4e0f76b09b15227a26", "size": 11995}, "epoch": 3.0, "eval_loss": 0.03614794344387271, "eval_precision": 0.8413978494623656, "_timestamp": 1595698733.4137707, "eval_recall": 0.810880829015544, "_runtime": 70.5971372127533, "_step": 330, "eval_f1": 0.8258575197889181}
