{"graph_0": {"_type": "graph-file", "path": "media/graph/graph_0_summary_b6779ad8.graph.json", "sha256": "b6779ad8b190f8daee5e26a5f6b12662042516884f4ad75c0b33251f3fcbd046", "size": 11995}, "eval_recall": 0.8952380952380953, "eval_loss": 0.02731616087257862, "eval_f1": 0.8867924528301887, "_runtime": 82.82842135429382, "eval_precision": 0.8785046728971962, "_step": 369, "_timestamp": 1595773459.4876893, "epoch": 3.0}
