{"graph_0": {"_type": "graph-file", "path": "media/graph/graph_0_summary_1c7c69c9.graph.json", "sha256": "1c7c69c9704649315c0971e227badb7f3aec97ec5a20810b41c867f5a4d78346", "size": 11995}, "eval_precision": 0.8116883116883117, "eval_loss": 0.024898318108171225, "_step": 363, "_runtime": 77.90060186386108, "epoch": 3.0, "eval_recall": 0.8620689655172413, "_timestamp": 1595767051.7539017, "eval_f1": 0.8361204013377926}
