{"graph_0": {"_type": "graph-file", "path": "media/graph/graph_0_summary_2e594486.graph.json", "sha256": "2e5944862be5d025ee4f5eafe73a94f4fcc2068ab22d43f21121356b7e58ca05", "size": 11995}, "_step": 369, "_runtime": 76.90618467330933, "eval_loss": 0.02731616087257862, "eval_recall": 0.8952380952380953, "eval_precision": 0.8785046728971962, "epoch": 3.0, "_timestamp": 1595773321.2642584, "eval_f1": 0.8867924528301887}
