{"graph_0": {"_type": "graph-file", "path": "media/graph/graph_0_summary_c32d367a.graph.json", "sha256": "c32d367ab203f5d019290d26c18bc2156a4a470683d4c6450fb4771d1b5d40ca", "size": 11995}, "eval_loss": 0.023549834798489298, "eval_recall": 0.9273504273504274, "_timestamp": 1595766941.9157574, "epoch": 3.0, "eval_precision": 0.8930041152263375, "_runtime": 77.09392952919006, "_step": 360, "eval_f1": 0.909853249475891}
