{"graph_0": {"_type": "graph-file", "path": "media/graph/graph_0_summary_935bf8d5.graph.json", "sha256": "935bf8d56858239c36af909eaa78a0e4079eb674bd2a168628e488535dcb5859", "size": 11995}, "_step": 330, "_runtime": 71.12024903297424, "_timestamp": 1595698516.030281, "eval_recall": 0.810880829015544, "eval_f1": 0.8258575197889181, "eval_loss": 0.03614794344387271, "eval_precision": 0.8413978494623656, "epoch": 3.0}
