{"graph_0": {"_type": "graph-file", "path": "media/graph/graph_0_summary_6d52c5c8.graph.json", "sha256": "6d52c5c8b6377781287815978ad74632f0715f287fbbc140205cca1dd0d25644", "size": 11995}, "eval_recall": 0.810880829015544, "_timestamp": 1595698387.6492755, "_runtime": 70.2724187374115, "eval_loss": 0.03614794344387271, "epoch": 3.0, "eval_precision": 0.8413978494623656, "_step": 330, "eval_f1": 0.8258575197889181}
