{"_runtime": 17.052692413330078, "eval_loss": 1.4601427714029949, "eval_f1": 0, "eval_precision": 0.0, "eval_recall": 0.0, "_timestamp": 1595862642.998137, "epoch": 0, "_step": 6000}
