{"graph_0": {"_type": "graph-file", "path": "media/graph/graph_0_summary_5e614e79.graph.json", "sha256": "5e614e7919cb9fa046fcd22f27b633227559eeae7714b7b06cb8bd38e689b6ae", "size": 11995}, "epoch": 5.0, "eval_f1": 0.38247011952191234, "eval_precision": 0.36923076923076925, "eval_loss": 0.3798016607761383, "_runtime": 58.39586400985718, "_step": 300, "_timestamp": 1595845283.0707464, "eval_recall": 0.39669421487603307}
