{"graph_0": {"_type": "graph-file", "path": "media/graph/graph_0_summary_ba2a830b.graph.json", "sha256": "ba2a830b53afe0f5d0cbb873438e343b83f9ba7f1e6f6dfdb0ade41e50075048", "size": 11995}, "eval_f1": 0.8255813953488372, "eval_recall": 0.8255813953488372, "epoch": 3.0, "_step": 360, "_runtime": 76.18402791023254, "_timestamp": 1595833428.4253469, "eval_loss": 0.01987295279589792, "eval_precision": 0.8255813953488372}
