{"eval_f1": 0.004123711340206186, "eval_loss": 1.4097238332033157, "_runtime": 17.13967514038086, "eval_recall": 0.014285714285714285, "eval_precision": 0.0024096385542168677, "epoch": 0, "_step": 6000, "_timestamp": 1595862602.8299513}
