{"graph_0": {"_type": "graph-file", "path": "media/graph/graph_0_summary_e42bef3f.graph.json", "sha256": "e42bef3f5e1e2bc256c6ce21435fbd1d909aeae04b504982fe521c3f068458d8", "size": 103663}, "eval_loss": 0.04510583356022835, "_timestamp": 1595661251.9577003, "eval_precision": 0.8594164456233422, "_step": 280, "_runtime": 144.17411041259766, "eval_recall": 0.8393782383419689, "epoch": 10.0, "eval_f1": 0.8492791612057667}
