{"graph_0": {"_type": "graph-file", "path": "media/graph/graph_0_summary_f6b4e6ff.graph.json", "sha256": "f6b4e6ff9553fcf65a96ecb6b1cfa1976de860b3e24868877cba43589ccd5e00", "size": 103663}, "_runtime": 149.47066855430603, "eval_recall": 0.9256505576208178, "eval_f1": 0.9205175600739371, "epoch": 10.0, "_step": 280, "eval_loss": 0.018756164237856865, "eval_precision": 0.9154411764705882, "_timestamp": 1595661618.986551}
