{"graph_0": {"_type": "graph-file", "path": "media/graph/graph_0_summary_d5857490.graph.json", "sha256": "d58574905af165c6bf6c53388da430e6ed7710a0e39c3816779db074f8160daf", "size": 11995}, "epoch": 1.0, "eval_f1": 0.7281045751633987, "eval_precision": 0.7397078353253652, "eval_loss": 0.049564880008498825, "_runtime": 28.503562688827515, "_step": 69, "_timestamp": 1595765738.673819, "eval_recall": 0.7168597168597168}
