{"graph_0": {"_type": "graph-file", "path": "media/graph/graph_0_summary_a8031a86.graph.json", "sha256": "a8031a86dcfcc44c5adc0fa807382da468f44a1f1950d8581643a83efb8b6299", "size": 11995}, "_runtime": 80.1412844657898, "eval_precision": 0.6392405063291139, "eval_f1": 0.592375366568915, "epoch": 3.0, "_timestamp": 1595833867.0594275, "eval_recall": 0.5519125683060109, "eval_loss": 0.08855708156313215, "_step": 366}
