{"eval_loss": 1.50873601436615, "_timestamp": 1595862563.5640337, "eval_f1": 0, "eval_precision": 0.0, "epoch": 0, "eval_recall": 0.0, "_runtime": 17.21817946434021, "_step": 6000}
