{"graph_0": {"_type": "graph-file", "path": "media/graph/graph_0_summary_f7ff6eee.graph.json", "sha256": "f7ff6eee238c95bb03714d97f7b26a66f28ffd57b67ec8df79c4aefcd71c45b7", "size": 11995}, "_step": 340, "_runtime": 68.99744367599487, "eval_loss": 0.3578222741683324, "_timestamp": 1595864163.8873303, "eval_precision": 0.46296296296296297, "epoch": 5.0, "eval_f1": 0.44247787610619466, "eval_recall": 0.423728813559322}
