{"graph_0": {"_type": "graph-file", "path": "media/graph/graph_0_summary_cf5fb4a7.graph.json", "sha256": "cf5fb4a7bfea3a8f92ae41bc3d6b573b191c9d62c185056c33ddbd915101c479", "size": 11995}, "_runtime": 70.35664653778076, "_timestamp": 1595698153.1874862, "eval_f1": 0.8258575197889181, "epoch": 3.0, "eval_precision": 0.8413978494623656, "eval_loss": 0.03614794344387271, "eval_recall": 0.810880829015544, "_step": 330}
