{"graph_0": {"_type": "graph-file", "path": "media/graph/graph_0_summary_92746e5e.graph.json", "sha256": "92746e5ef59b4b4c555c73afc904c127ecd18c57f492ab65b0117e964231caa5", "size": 11995}, "eval_loss": 0.022962144389748574, "eval_f1": 0.8829431438127091, "_timestamp": 1595766724.2749557, "_step": 369, "eval_precision": 0.8354430379746836, "_runtime": 78.69100761413574, "eval_recall": 0.9361702127659575, "epoch": 3.0}
