{"graph_0": {"_type": "graph-file", "path": "media/graph/graph_0_summary_fa627a8c.graph.json", "sha256": "fa627a8cb8127c513f9fed69b97801c77165b74d38eb505a657f104bfcc26e8c", "size": 11995}, "eval_loss": 0.03614794344387271, "_runtime": 68.7947268486023, "eval_f1": 0.8258575197889181, "_step": 330, "epoch": 3.0, "_timestamp": 1595697945.308456, "eval_recall": 0.810880829015544, "eval_precision": 0.8413978494623656}
