{"graph_0": {"_type": "graph-file", "path": "media/graph/graph_0_summary_9090de3c.graph.json", "sha256": "9090de3cc9c24060cb30a139a514732decfb6eb1f03b827543c566f16e35e792", "size": 11995}, "eval_recall": 0.8620689655172413, "_timestamp": 1595834306.1253521, "epoch": 3.0, "eval_loss": 0.024898318108171225, "_step": 363, "eval_f1": 0.8361204013377926, "_runtime": 77.60370588302612, "eval_precision": 0.8116883116883117}
