{"graph_0": {"_type": "graph-file", "path": "media/graph/graph_0_summary_11246c96.graph.json", "sha256": "11246c9644146c2bc7a710f6553a2a5c40a7d522f88acdcfc5ef68c6b06914b6", "size": 11995}, "_step": 360, "eval_precision": 0.8787878787878788, "epoch": 3.0, "eval_loss": 0.01291761128231883, "eval_f1": 0.8992248062015504, "_runtime": 77.12445282936096, "_timestamp": 1595833646.2208474, "eval_recall": 0.9206349206349206}
