{"graph_0": {"_type": "graph-file", "path": "media/graph/graph_0_summary_0d699854.graph.json", "sha256": "0d699854232de46cc38fb6a5646a430586c1201a04b83c1ee87f36c132b10583", "size": 11995}, "eval_loss": 0.19509758055210114, "_runtime": 70.26974630355835, "_step": 340, "epoch": 5.0, "eval_precision": 0.4393939393939394, "eval_f1": 0.47154471544715443, "_timestamp": 1595863889.66578, "eval_recall": 0.5087719298245614}
