{"graph_0": {"_type": "graph-file", "path": "media/graph/graph_0_summary_56e02015.graph.json", "sha256": "56e0201520ac26ff63969d91db532adc2f05e5362c83c66e530c2ec5a0f65fa0", "size": 11995}, "eval_precision": 0.21212121212121213, "_timestamp": 1595863516.0699384, "eval_recall": 0.35, "_runtime": 74.20394587516785, "eval_f1": 0.26415094339622636, "eval_loss": 0.49084324785508215, "epoch": 5.0, "_step": 335}
