{"graph_0": {"_type": "graph-file", "path": "media/graph/graph_0_summary_9855134c.graph.json", "sha256": "9855134c853f2f454c923345317ad9a35c6a15358a94d08756ce4beaa098a795", "size": 11995}, "_step": 372, "eval_loss": 0.019983112625777722, "eval_f1": 0.8840579710144928, "epoch": 3.0, "eval_recall": 0.8591549295774648, "_runtime": 79.4114842414856, "_timestamp": 1595766834.5944526, "eval_precision": 0.9104477611940298}
