{"graph_0": {"_type": "graph-file", "path": "media/graph/graph_0_summary_30c4dc1d.graph.json", "sha256": "30c4dc1d6b45db659941019a2fa4c2ecfbca8d741909df33f2827bb0129986bb", "size": 11995}, "_timestamp": 1595863702.9422946, "_step": 335, "_runtime": 69.84323287010193, "eval_f1": 0.4827586206896552, "eval_recall": 0.5, "eval_loss": 0.31892662681639194, "eval_precision": 0.4666666666666667, "epoch": 5.0}
