{"graph_0": {"_type": "graph-file", "path": "media/graph/graph_0_summary_f17067dd.graph.json", "sha256": "f17067dd5ebd5d7290b8791e43128ad43a71123806ebb5bf5e3ce7ed36638346", "size": 11995}, "_timestamp": 1595766286.0538962, "eval_f1": 0.8812260536398467, "eval_loss": 0.021689195185899734, "eval_precision": 0.8518518518518519, "_step": 369, "_runtime": 78.22012972831726, "eval_recall": 0.9126984126984127, "epoch": 3.0}
