{"eval_f1": 0, "eval_precision": 0.0, "_step": 6000, "_runtime": 16.863720655441284, "eval_recall": 0.0, "_timestamp": 1595862485.8741481, "epoch": 0, "eval_loss": 1.2618438750505447}
