{"graph_0": {"_type": "graph-file", "path": "media/graph/graph_0_summary_dd3d50c6.graph.json", "sha256": "dd3d50c6b27263e61f348647f7231fe1ce9ce8bd729cc13941dc0b7bff4f4a17", "size": 11995}, "eval_loss": 0.02102007539252992, "_step": 207, "eval_f1": 0.8856783919597989, "_timestamp": 1595765494.0614922, "epoch": 3.0, "_runtime": 47.59136247634888, "eval_precision": 0.8650306748466258, "eval_recall": 0.9073359073359073}
