{"eval_loss": 1.4766624867916107, "eval_recall": 0.0, "epoch": 0, "_runtime": 16.9094717502594, "_step": 6000, "_timestamp": 1595862447.2843714, "eval_f1": 0, "eval_precision": 0.0}
