{"graph_0": {"_type": "graph-file", "path": "media/graph/graph_0_summary_ba47e37c.graph.json", "sha256": "ba47e37c227e345f94ddf4691dbb7d29ec384dd940b69db5dcb0b94a63fd7670", "size": 11995}, "_timestamp": 1595834089.1685193, "eval_loss": 0.019983112625777722, "_step": 372, "eval_f1": 0.8840579710144928, "eval_precision": 0.9104477611940298, "epoch": 3.0, "eval_recall": 0.8591549295774648, "_runtime": 81.18947958946228}
