{"graph_0": {"_type": "graph-file", "path": "media/graph/graph_0_summary_34ad3fd5.graph.json", "sha256": "34ad3fd5c137758b14504b78a572e0d5e6f41128958f810c72c82757946a6410", "size": 25948}, "eval_precision": 0.6682750301568154, "eval_f1": 0.6805896805896806, "_timestamp": 1595846908.23494, "_runtime": 37.67918610572815, "eval_recall": 0.6933667083854819, "eval_loss": 0.05693358838044364, "epoch": 1.0, "_step": 68}
