{"graph_0": {"_type": "graph-file", "path": "media/graph/graph_0_summary_5533c3c2.graph.json", "sha256": "5533c3c2d70cd8463252c6a1049eb02af0854f9fbdaa774ad31d713b0e2bb7f6", "size": 25948}, "_step": 71, "eval_loss": 0.046918184875890064, "eval_recall": 0.7493573264781491, "_runtime": 39.56967568397522, "epoch": 1.0, "_timestamp": 1595849849.2201877, "eval_f1": 0.7324120603015075, "eval_precision": 0.7162162162162162}
