{"graph_0": {"_type": "graph-file", "path": "media/graph/graph_0_summary_ff1d9554.graph.json", "sha256": "ff1d955479ffc496f255cbe65d48cca7c7bd83ab96b84406ad216ed7c879de26", "size": 11995}, "_runtime": 59.96520662307739, "_timestamp": 1595836150.8327239, "_step": 273, "eval_f1": 0.8723776223776224, "epoch": 3.0, "eval_loss": 0.024486879352480173, "eval_recall": 0.9007220216606499, "eval_precision": 0.8457627118644068}
