{"graph_0": {"_type": "graph-file", "path": "media/graph/graph_0_summary_bde1002f.graph.json", "sha256": "bde1002fecf9f1e31537d27558c96d795abf65c83d25e8a55798d73b4078f8b3", "size": 11995}, "epoch": 5.0, "_runtime": 72.16114211082458, "eval_precision": 0.373134328358209, "eval_loss": 0.39425934354464215, "_step": 340, "_timestamp": 1595863796.891599, "eval_recall": 0.43859649122807015, "eval_f1": 0.4032258064516129}
