{"graph_0": {"_type": "graph-file", "path": "media/graph/graph_0_summary_486c9ac8.graph.json", "sha256": "486c9ac897d8265e7ee70142594db9ce66ce40a5bc0508ddf1d9ad9d434358d6", "size": 11995}, "_timestamp": 1595863610.6672506, "eval_recall": 0.3333333333333333, "eval_f1": 0.2535211267605634, "_runtime": 71.58558559417725, "eval_precision": 0.20454545454545456, "epoch": 5.0, "_step": 335, "eval_loss": 0.7928703799843788}
