{"graph_0": {"_type": "graph-file", "path": "media/graph/graph_0_summary_12b261a0.graph.json", "sha256": "12b261a0b5f801925e1f9fc38d09f1aa28617d94c93900c1d5b57528ff2bddc8", "size": 11995}, "eval_precision": 0.8761467889908257, "eval_loss": 0.0305268919095397, "_step": 235, "epoch": 5.0, "_timestamp": 1595837977.0905414, "eval_f1": 0.8925233644859812, "_runtime": 49.66830897331238, "eval_recall": 0.9095238095238095}
