{"_runtime": 17.276507139205933, "_step": 6000, "_timestamp": 1595862803.0418139, "eval_loss": 1.460024356842041, "eval_precision": 0.0, "eval_recall": 0.0, "eval_f1": 0, "epoch": 0}
