{"eval_recall": 0.0, "_step": 6000, "_runtime": 16.9660062789917, "eval_loss": 1.3301591873168945, "_timestamp": 1595862524.5876608, "eval_precision": 0.0, "eval_f1": 0, "epoch": 0}
