{"graph_0": {"_type": "graph-file", "path": "media/graph/graph_0_summary_b275fd48.graph.json", "sha256": "b275fd4810354a477903fcc3afb89d66d759b33f0b1d7adcac0079c824d97855", "size": 11995}, "_timestamp": 1595765815.3149707, "eval_recall": 0.6754385964912281, "eval_f1": 0.7186666666666667, "eval_precision": 0.7678062678062678, "_runtime": 27.250781774520874, "_step": 66, "epoch": 1.0, "eval_loss": 0.05627362124089684}
