{"graph_0": {"_type": "graph-file", "path": "media/graph/graph_0_summary_1c2f9239.graph.json", "sha256": "1c2f92398593b0ce1cc8af92dac0c57d6e007b2e2ba2ba3e019ce6c1fa7c7b0b", "size": 11995}, "eval_recall": 0.7168597168597168, "_runtime": 28.577128410339355, "eval_f1": 0.7281045751633987, "epoch": 1.0, "_timestamp": 1595765614.8830466, "eval_precision": 0.7397078353253652, "_step": 69, "eval_loss": 0.049564880008498825}
