{"graph_0": {"_type": "graph-file", "path": "media/graph/graph_0_summary_4a7f1f85.graph.json", "sha256": "4a7f1f8515100c7e17cb6ed5f29ef3e990afd66fad0aff74ab04cca75b9bdd52", "size": 11995}, "eval_loss": 0.02731616087257862, "epoch": 3.0, "_timestamp": 1595766068.8990333, "eval_f1": 0.8867924528301887, "eval_recall": 0.8952380952380953, "_runtime": 77.27219367027283, "_step": 369, "eval_precision": 0.8785046728971962}
