{"graph_0": {"_type": "graph-file", "path": "media/graph/graph_0_summary_b31ca80e.graph.json", "sha256": "b31ca80ec630d32ca6d861526a92f08167c22d66648c3b98b7f1e96ed686b381", "size": 11995}, "_runtime": 78.58340668678284, "eval_loss": 0.022962144389748574, "epoch": 3.0, "_step": 369, "eval_recall": 0.9361702127659575, "eval_precision": 0.8354430379746836, "_timestamp": 1595833977.292114, "eval_f1": 0.8829431438127091}
