{"graph_0": {"_type": "graph-file", "path": "media/graph/graph_0_summary_c19e45e3.graph.json", "sha256": "c19e45e3c28669290af8d5949276861d8b66a47741f9c4d6a4fe845c173fc60d", "size": 11995}, "eval_loss": 0.01987295279589792, "eval_precision": 0.8255813953488372, "eval_recall": 0.8255813953488372, "epoch": 3.0, "_timestamp": 1595766176.3423362, "_step": 360, "eval_f1": 0.8255813953488372, "_runtime": 76.5443263053894}
