{"graph_0": {"_type": "graph-file", "path": "media/graph/graph_0_summary_7d83c962.graph.json", "sha256": "7d83c96259237163d068b7f6e8c1b2c72862703bd1c12606147de91c8b02347a", "size": 11995}, "eval_loss": 0.023549834798489298, "epoch": 3.0, "_runtime": 77.08366775512695, "_step": 360, "eval_recall": 0.9273504273504274, "eval_precision": 0.8930041152263375, "eval_f1": 0.909853249475891, "_timestamp": 1595834196.750327}
