{"graph_0": {"_type": "graph-file", "path": "media/graph/graph_0_summary_7e4975af.graph.json", "sha256": "7e4975af0a3978d3c27190a1afc09d8b49fda562b7c881f7bc927af6c776d40a", "size": 11995}, "_runtime": 76.62711453437805, "eval_f1": 0.8867924528301887, "eval_loss": 0.02731616087257862, "eval_recall": 0.8952380952380953, "eval_precision": 0.8785046728971962, "epoch": 3.0, "_timestamp": 1595833320.673185, "_step": 369}
