{"eval_precision": 0.0, "epoch": 0, "eval_f1": 0, "_runtime": 17.19431185722351, "eval_loss": 1.394804671406746, "_step": 6000, "_timestamp": 1595862723.0313363, "eval_recall": 0.0}
