{"graph_0": {"_type": "graph-file", "path": "media/graph/graph_0_summary_f08c8f8b.graph.json", "sha256": "f08c8f8ba78f22dae7024b1064cd81702502d747a6454de7e7968146a700cae2", "size": 11995}, "eval_precision": 0.9264705882352942, "eval_f1": 0.9368029739776952, "epoch": 3.0, "_step": 363, "_timestamp": 1595833755.4825969, "eval_loss": 0.01213221880607307, "_runtime": 77.47189044952393, "eval_recall": 0.9473684210526315}
