{"graph_0": {"_type": "graph-file", "path": "media/graph/graph_0_summary_4cdacbe7.graph.json", "sha256": "4cdacbe7513368c0b4816e40abd6aaa65c005f5b13c1864b165d9a854f7190c8", "size": 11995}, "_step": 340, "eval_recall": 0.44642857142857145, "_runtime": 69.73681664466858, "epoch": 5.0, "eval_f1": 0.3875968992248062, "_timestamp": 1595863981.4646513, "eval_precision": 0.3424657534246575, "eval_loss": 0.4501197673380375}
