{"graph_0": {"_type": "graph-file", "path": "media/graph/graph_0_summary_528e5daf.graph.json", "sha256": "528e5daf91d1ec3ec15797dfd7e1502ae99ed0d135136e3546cc5fc11bd84bbd", "size": 11995}, "epoch": 3.0, "eval_precision": 0.8518518518518519, "eval_recall": 0.9126984126984127, "eval_f1": 0.8812260536398467, "_runtime": 78.04346919059753, "_timestamp": 1595833537.8483992, "eval_loss": 0.021689195185899734, "_step": 369}
