{"graph_0": {"_type": "graph-file", "path": "media/graph/graph_0_summary_ae50918f.graph.json", "sha256": "ae50918fe59288e3f1ffa257771b18862fd3133ce58feb4235479e3271ba070b", "size": 11995}, "eval_recall": 0.4791666666666667, "_timestamp": 1595863418.288604, "eval_loss": 0.5631467457860708, "eval_f1": 0.35384615384615387, "_step": 335, "epoch": 5.0, "eval_precision": 0.2804878048780488, "_runtime": 76.73613691329956}
