{"graph_0": {"_type": "graph-file", "path": "media/graph/graph_0_summary_7ab4e2d3.graph.json", "sha256": "7ab4e2d3a39b7cd1b76263e5f72e64630de3d325ea42b99b30f8567a06b6540c", "size": 11995}, "eval_loss": 0.3494851142168045, "eval_f1": 0.36363636363636365, "_timestamp": 1595864072.4376323, "_step": 340, "eval_recall": 0.40625, "epoch": 5.0, "_runtime": 69.03280305862427, "eval_precision": 0.3291139240506329}
