{"graph_0": {"_type": "graph-file", "path": "media/graph/graph_0_summary_0c09414c.graph.json", "sha256": "0c09414c200fe85b3a9d6134d43d435d8804d9bf662ad93fcc5c25ac61c29d71", "size": 11995}, "_runtime": 78.05615949630737, "_timestamp": 1595766614.1295772, "epoch": 3.0, "_step": 366, "eval_recall": 0.5519125683060109, "eval_f1": 0.592375366568915, "eval_loss": 0.08855708156313215, "eval_precision": 0.6392405063291139}
