{"graph_0": {"_type": "graph-file", "path": "media/graph/graph_0_summary_68178b47.graph.json", "sha256": "68178b47ce06f6bb1e308ae5b567b98f0bbb512009e37bf5d5fc15fe66a3dcc2", "size": 11995}, "eval_loss": 0.03614794344387271, "_step": 330, "epoch": 3.0, "eval_f1": 0.8258575197889181, "_runtime": 70.33638954162598, "_timestamp": 1595699108.324094, "eval_recall": 0.810880829015544, "eval_precision": 0.8413978494623656}
