{"graph_0": {"_type": "graph-file", "path": "media/graph/graph_0_summary_cdf411f4.graph.json", "sha256": "cdf411f46f1a48ba7ba2a03ae07ce1a674cad136a1489e68d0741a90b0bdbaaf", "size": 25948}, "_step": 71, "eval_recall": 0.7493573264781491, "epoch": 1.0, "_timestamp": 1595846818.7265801, "eval_precision": 0.7162162162162162, "eval_loss": 0.046918184875890064, "_runtime": 39.478519439697266, "eval_f1": 0.7324120603015075}
