{"graph_0": {"_type": "graph-file", "path": "media/graph/graph_0_summary_f45ed6b3.graph.json", "sha256": "f45ed6b3b585eff0bc3905a7818c6304f6c77bc1f195d33e4c631af4f11f6dc3", "size": 11995}, "eval_f1": 0.9368029739776952, "_timestamp": 1595766504.33307, "_runtime": 77.70828247070312, "epoch": 3.0, "_step": 363, "eval_precision": 0.9264705882352942, "eval_loss": 0.01213221880607307, "eval_recall": 0.9473684210526315}
