{"graph_0": {"_type": "graph-file", "path": "media/graph/graph_0_summary_d6a3d42b.graph.json", "sha256": "d6a3d42bc029adddbad67e94068b7fabdc8bc8f7f6494482c32544edc56b79cb", "size": 11995}, "_runtime": 62.95304250717163, "_timestamp": 1595697858.361379, "eval_loss": 0.02731616087257862, "eval_precision": 0.8785046728971962, "_step": 369, "eval_recall": 0.8952380952380953, "epoch": 3.0, "eval_f1": 0.8867924528301887}
