{"graph_0": {"_type": "graph-file", "path": "media/graph/graph_0_summary_e8a54079.graph.json", "sha256": "e8a5407947ca06935d516959bfbb3bdd5fdd1713443e44de39837622dd619583", "size": 11995}, "_timestamp": 1595845367.1265318, "_runtime": 60.13775610923767, "eval_precision": 0.3684210526315789, "eval_f1": 0.41350210970464135, "eval_recall": 0.47115384615384615, "epoch": 5.0, "_step": 300, "eval_loss": 0.4590355244775613}
