{"epoch": 0, "_runtime": 17.069105625152588, "eval_recall": 0.0, "eval_loss": 1.4525219599405925, "_timestamp": 1595862682.3411324, "_step": 6000, "eval_f1": 0, "eval_precision": 0.0}
